label_index,label,rank,tag_index,tag,corr,positive_rate,negative_rate,lift,is_exact_label_name
0,airport,1,177,airport,0.43444869050967155,0.582995951417004,0.005093701624968651,114.45405714749157,True
0,airport,2,158,aircraft,0.32988652147773423,0.5060728744939271,0.007644876462601507,66.19756708874833,False
0,airport,3,137,airplane,0.32751993754198416,0.5222672064777328,0.00835401658696047,62.51682479595203,False
0,airport,4,233,aviation,0.2833229734696354,0.3684210526315789,0.005456919737445193,67.51434970904813,False
0,airport,5,765,airplanes,0.23640248391978141,0.20445344129554655,0.002248493077235737,90.92869534646017,False
0,airport,6,287,jet,0.2345264030827403,0.2874493927125506,0.004981276971106864,57.70585079314916,False
0,airport,7,180,plane,0.2310099783932318,0.340080971659919,0.007445971305769114,45.67309098619758,False
0,airport,8,869,runway,0.17775469097407381,0.1396761133603239,0.00196310741743274,71.15016255267344,False
0,airport,9,733,wing,0.1615790998689724,0.13360323886639677,0.002248493077235737,59.4187529556979,False
0,airport,10,174,flying,0.15947216332488054,0.242914979757085,0.008258888033692804,29.4125183246112,False
1,animal,1,29,animal,0.39663606539624696,0.19105831320550107,0.0010642737896494156,179.51821221333958,True
1,animal,2,49,wildlife,0.3094544220652118,0.1267806969980776,0.0021807178631051754,58.136876747909476,False
1,animal,3,56,animals,0.2966182685713723,0.1148025829348844,0.001669449081803005,68.76634125761163,False
1,animal,4,93,zoo,0.2677808026444205,0.08897323409079706,0.0005321368948247078,167.19677396615333,False
1,animal,5,88,cat,0.24011783571267117,0.07788238773598856,0.0014712020033388982,52.93757633790057,False
1,animal,6,65,bird,0.22530489883291577,0.08488194410213437,0.00462228714524207,18.36358663992578,False
1,animal,7,100,dog,0.20674018389243182,0.06521417656627397,0.002493739565943239,26.151056808949168,False
1,animal,8,251,pet,0.1778488962774739,0.04007492482870804,0.00031302170283806343,128.02196859095602,False
1,animal,9,293,cats,0.1654108575749231,0.035589293636318825,0.00041736227045075126,85.26992844513437,False
1,animal,10,228,deer,0.16241686221208285,0.036673731946566764,0.000813856427378965,45.0611313021887,False
2,beach,1,20,beach,0.5602595751904977,0.6942231075697212,0.020501259779870044,33.86244486433571,True
2,beach,2,75,sand,0.33636519505780516,0.27556440903054447,0.00919418291119657,29.97157245797678,False
2,beach,3,14,sea,0.26527314154621295,0.3738379814077025,0.034425142554037926,10.859443275403956,False
2,beach,4,37,ocean,0.2169521365307075,0.24900398406374502,0.022472704769482384,11.080280981534495,False
2,beach,5,213,waves,0.1683978786111382,0.10159362549800798,0.005764045440480927,17.625374451556535,False
2,beach,6,371,seascape,0.13987693691677927,0.0697211155378486,0.003916368297750077,17.802449160210784,False
2,beach,7,358,shore,0.13683042975105222,0.0693891102257636,0.004093179507580781,16.952335115990028,False
2,beach,8,153,coast,0.13479771442570265,0.09395750332005312,0.008124475091720816,11.564734535090682,False
2,beach,9,989,pebbles,0.13306701820035058,0.042164674634794154,0.0013260840737302744,31.796148908339358,False
2,beach,10,113,rocks,0.11025984125602849,0.08897742363877822,0.010829686602130574,8.216059683636317,False
3,bear,1,229,bear,0.8009791045246227,0.8563218390804598,0.0017066472611343573,501.7538486381804,True
3,bear,2,787,bears,0.3327728425882182,0.23132183908045978,0.001472741291334217,157.06782974258826,False
3,bear,3,822,polar,0.31367172004394356,0.20833333333333334,0.0013601198984674828,153.17165189006693,False
3,bear,4,93,zoo,0.2543245742678888,0.4267241379310345,0.013505903959941437,31.59535513084853,False
3,bear,5,776,giant,0.24417868922392705,0.15804597701149425,0.0015160572116675764,104.24734853123948,False
3,bear,6,419,mammal,0.15213242291027607,0.14798850574712644,0.004470202978402682,33.10547315354231,False
3,bear,7,29,animal,0.14731077345267835,0.3793103448275862,0.032175065623619305,11.788949908454585,False
3,bear,8,269,alaska,0.10501554190444011,0.1206896551724138,0.006419419393403852,18.800684262751748,False
3,bear,9,126,china,0.0888752589949452,0.1206896551724138,0.008853774116138646,13.631421727622781,False
3,bear,10,118,baby,0.07671153702442042,0.11206896551724138,0.01004063033327269,11.161536694613691,False
4,birds,1,119,birds,0.5417238574408693,0.43992519869097707,0.0038249640313015405,115.01390730783126,True
4,birds,2,65,bird,0.522291232729468,0.5343618513323983,0.008965856055023336,59.59958112836291,False
4,birds,3,583,eagle,0.23877324596437435,0.11126694717157551,0.0017984349229743482,61.86842629995989,False
4,birds,4,900,hawk,0.2256077018255708,0.09022907900888266,0.0011843351931782294,76.18478930686578,False
4,birds,5,909,booby,0.19283119999619797,0.0766713417484806,0.0013773379653998666,55.665927328844354,False
4,birds,6,223,flight,0.14936015473973774,0.10144927536231885,0.0057199003403867075,17.736167059475296,False
4,birds,7,49,wildlife,0.14107011356003712,0.18139317438055166,0.020993437905744466,8.640466549133016,False
4,birds,8,263,wings,0.11540128722715394,0.07573632538569425,0.005456714741902656,13.879449480767912,False
4,birds,9,0,nature,0.09676126954844001,0.3010752688172043,0.09059725585149314,3.32322698690186,False
4,birds,10,56,animals,0.09160456260203932,0.11827956989247312,0.0196160999403446,6.029716404127947,False
5,boats,1,168,boats,0.4664314056903795,0.3300597779675491,0.0032078041921167113,102.89242711709419,True
5,boats,2,66,boat,0.31185022812950924,0.3074295473953886,0.012092982379048205,25.422124463422943,False
5,boats,3,525,ships,0.1789327725890262,0.0807002561912895,0.002232280177527794,36.15133328260354,False
5,boats,4,693,sailboat,0.1774650398268752,0.07472245943637916,0.0018719514874544097,39.916670261197865,False
5,boats,5,706,sailing,0.1686147499414045,0.06703672075149444,0.001661027376191941,40.35835178205407,False
5,boats,6,823,sails,0.16725951412489182,0.06490179333902647,0.0015643538251966429,41.4876656527571,False
5,boats,7,982,sail,0.16250280397369754,0.05892399658411614,0.0013270642000263655,44.401440841021156,False
5,boats,8,112,ship,0.14580537416824405,0.12339880444064902,0.00984312519224854,12.536535568243082,False
5,boats,9,430,harbour,0.13643001799455676,0.07002561912894961,0.0033923627894713714,20.642079592868566,False
5,boats,10,380,harbor,0.13588848160535003,0.0721605465414176,0.0036648064331853934,19.6900875820121,False
6,book,1,607,book,0.12433016590070745,0.3333333333333333,0.0012316331627995108,270.64116734563805,True
6,book,2,775,ceiling,0.025761960213343964,0.047619047619047616,0.0005942845330990646,80.12703292209127,False
6,book,3,689,apartments,0.023306079301552,0.09523809523809523,0.0028336175563709026,33.60995873433312,False
6,book,4,159,home,0.02318718369682419,0.14285714285714285,0.006287358103801699,22.721296176497653,False
6,book,5,647,collage,0.01941578327443402,0.047619047619047616,0.001033538318433156,46.07337341638503,False
6,book,6,684,furniture,0.01870120243220746,0.047619047619047616,0.0011110536923156426,42.85898094626919,False
6,book,7,623,library,0.015007599610863225,0.047619047619047616,0.0016881125867741547,28.208293634672117,False
6,book,8,464,kitchen,0.014538357093759542,0.047619047619047616,0.0017914664186174701,26.580901162961727,False
6,book,9,852,chapel,0.013937225363740428,0.047619047619047616,0.0019378843470621674,24.57257677191625,False
6,book,10,855,judge,0.01383798017142276,0.047619047619047616,0.0019637228050229964,24.249255039811782,False
7,bridge,1,94,bridge,0.7392380566031311,0.84,0.004602921854742576,182.49238452976795,True
7,bridge,2,727,bridges,0.2568693858046997,0.13833333333333334,0.001496602190955998,92.43098791342165,False
7,bridge,3,48,river,0.137083457833319,0.22333333333333333,0.020761004811750066,10.757342324467388,False
7,bridge,4,230,bay,0.08498720170388925,0.08,0.006873928667763015,11.638161739088428,False
7,bridge,5,458,arch,0.08265893933370712,0.0475,0.002566846781000113,18.505126718247517,False
7,bridge,6,984,cables,0.08113596575030323,0.0325,0.001200762222976324,27.065924226197573,False
7,bridge,7,420,gate,0.07773490498637282,0.0475,0.0029148938021526707,16.29556692914566,False
7,bridge,8,15,night,0.07548376717698464,0.16666666666666666,0.032194349456611586,5.176890594493228,False
7,bridge,9,3,water,0.06627529194229756,0.2658333333333333,0.08308752512464435,3.1994371109281503,False
7,bridge,10,21,city,0.06004698159420801,0.13,0.02886179922907585,4.504222481972333,False
8,buildings,1,17,architecture,0.23562615553606148,0.15491740299654244,0.01657286099418247,9.347650932112044,False
8,buildings,2,125,buildings,0.22326101516505376,0.08567038033038801,0.00376483942676063,22.75532979391979,True
8,buildings,3,47,building,0.17592069053749398,0.09402612370341913,0.011058033391666272,8.502962990204985,False
8,buildings,4,21,city,0.16786473364940754,0.12101421436803687,0.02093364234025446,5.7808461897177885,False
8,buildings,5,239,skyline,0.14948922733120126,0.04888590088359585,0.003509435747055763,13.929809550299648,False
8,buildings,6,15,night,0.14678340416795038,0.11784479446792163,0.02528496429078182,4.6606653861967535,False
8,buildings,7,353,cityscape,0.13351811917601972,0.03620822128313485,0.002260795535165303,16.015632799876094,False
8,buildings,8,576,skyscraper,0.11395340034052706,0.024683058009988476,0.0013432341673367072,18.375712033746165,False
8,buildings,9,181,downtown,0.11191677916626032,0.039665770265078754,0.0048432105188478455,8.189959575599678,False
8,buildings,10,40,urban,0.10732127904168216,0.06607760276603919,0.01455800974317741,4.53891490269522,False
9,cars,1,205,cars,0.6423533963018142,0.6499402628434886,0.002654176424668228,244.87363314154953,True
9,cars,2,74,car,0.27110108785033227,0.3978494623655914,0.011935120131841443,33.33432212055891,False
9,cars,3,433,racing,0.19869501799777756,0.15292712066905614,0.003009801370457108,50.809539817051956,False
9,cars,4,721,automobile,0.19165540717919607,0.12066905615292713,0.0018995576372625553,63.524490408155145,False
9,cars,5,544,auto,0.18306169826809532,0.12305854241338113,0.0022551825830514354,54.56675999123507,False
9,cars,6,490,classic,0.16848803237640633,0.11589008363201912,0.0024373319455286667,47.54773692900206,False
9,cars,7,601,vehicle,0.1597813184869393,0.1111111111111111,0.002532743516350074,43.86969375181531,False
9,cars,8,978,locomotive,0.12201581065013914,0.06810035842293907,0.0016480180414606643,41.32233597347106,False
9,cars,9,985,engine,0.08666153685771819,0.04898446833930705,0.0017867985081099836,27.414509230830184,False
9,cars,10,403,traffic,0.08146287063822354,0.06690561529271206,0.0038511579495186053,17.372814213692042,False
10,castle,1,367,castle,0.3248570503109459,0.44816053511705684,0.003686500673412301,121.56767871289827,True
10,castle,2,446,cathedral,0.06784820141705358,0.07357859531772576,0.0026332147667230722,27.942394529917387,False
10,castle,3,17,architecture,0.062134343501426346,0.23411371237458195,0.028447352971647615,8.229716146551581,False
10,castle,4,429,ruins,0.045266935371614726,0.06020066889632107,0.0038505370031425906,15.634318668799216,False
10,castle,5,85,church,0.044853012880649634,0.10367892976588629,0.01087819870842974,9.53088348870742,False
10,castle,6,559,palace,0.04420358039765787,0.05016722408026756,0.0028317850606071073,17.715700821058793,False
10,castle,7,456,monument,0.04365964670902226,0.056856187290969896,0.003686500673412301,15.422767578302649,False
10,castle,8,762,monastery,0.0409115637673555,0.04013377926421405,0.0021238387954553304,18.896726240631363,False
10,castle,9,301,europa,0.035883404664850155,0.056856187290969896,0.005214628587215527,10.903190382236929,False
10,castle,10,96,spain,0.03448962349918816,0.08361204013377926,0.011249438823082502,7.432546380602887,False
11,cat,1,88,cat,0.8253535095148371,0.9413533834586466,0.004085472616880232,230.41424520305156,True
11,cat,2,725,kitten,0.4294571304031503,0.23082706766917294,0.0006271940904379034,368.0254660138031,False
11,cat,3,666,kitty,0.406906896847835,0.20902255639097744,0.0005923499743024644,352.8640952439649,False
11,cat,4,293,cats,0.4042281551766765,0.3097744360902256,0.0030488601618509194,101.60302985882697,False
11,cat,5,903,feline,0.31553707437558076,0.1586466165413534,0.0010279014259954528,154.3388102605401,False
11,cat,6,251,pet,0.17002198753556635,0.14135338345864662,0.005705724017178149,24.773919189551517,False
11,cat,7,418,pets,0.14856536200947573,0.1037593984962406,0.003989651297507775,26.00707196900551,False
11,cat,8,68,cute,0.13848568566284958,0.17443609022556392,0.01365889352509212,12.770871388403592,False
11,cat,9,29,animal,0.10164459187353986,0.20601503759398496,0.032265651541416585,6.384962766981907,False
11,cat,10,152,eyes,0.09363109218709881,0.09548872180451128,0.008806850353232228,10.842539562860868,False
12,cityscape,1,353,cityscape,0.5109260033067073,0.3613782051282051,0.0014362938396051497,251.6029026473609,True
12,cityscape,2,239,skyline,0.31544050171358196,0.27003205128205127,0.004726712453973311,57.128816830584306,False
12,cityscape,3,21,city,0.20381447392336574,0.3629807692307692,0.026288529670348802,13.80756724346237,False
12,cityscape,4,15,night,0.19845265813654747,0.3766025641025641,0.02985750224148887,12.613327294537665,False
12,cityscape,5,125,buildings,0.17700676031527615,0.1891025641025641,0.009174870951174714,20.610902213216423,False
12,cityscape,6,81,lights,0.16034591374361676,0.18028846153846154,0.010271677155964101,17.551982337563672,False
12,cityscape,7,576,skyscraper,0.15944091040187522,0.09294871794871795,0.0024634615552015598,37.730790011542446,False
12,cityscape,8,181,downtown,0.1466202576087066,0.1330128205128205,0.006606951662183689,20.132223753339897,False
12,cityscape,9,197,manhattan,0.12792141791451273,0.11137820512820513,0.0061194822378328505,18.20056481804583,False
12,cityscape,10,40,urban,0.10356262360509247,0.15544871794871795,0.01769688106616527,8.783956875110157,False
13,clouds,1,4,clouds,0.35444379603906967,0.2176055233014279,0.014561724146115687,14.943655138730419,True
13,clouds,2,1,sky,0.31349910232372286,0.2418013494429625,0.037324060667916735,6.478429472346157,False
13,clouds,3,10,sunset,0.23820227225756774,0.14106386317276007,0.020697348745579266,6.815549505943109,False
13,clouds,4,8,landscape,0.18680776636977042,0.12678487368586222,0.03004913246777907,4.219251308812237,False
13,clouds,5,97,cloud,0.1471855584604457,0.0440608818452848,0.0039875626023593074,11.049552256231149,False
13,clouds,6,14,sea,0.13517836382826856,0.08793346932370939,0.026322660273907575,3.340598746582094,False
13,clouds,7,89,sunrise,0.1246057041701003,0.042021026204299386,0.006622202178918136,6.345468110803469,False
13,clouds,8,33,sun,0.12322839704357325,0.06238820021967676,0.016163869834563624,3.8597298951870767,False
13,clouds,9,20,beach,0.12216108153125874,0.07594539463361054,0.023616814222306614,3.21573315356594,False
13,clouds,10,2,blue,0.1197124873472649,0.12270516240389141,0.05322684009399255,2.3053247033632096,False
14,computer,1,766,mac,0.19203266040890618,0.18584070796460178,0.000724050545623804,256.6646105602859,False
14,computer,2,299,apple,0.18456678763907516,0.26548672566371684,0.001732549519885531,153.23383272931216,False
14,computer,3,386,room,0.09218414995156822,0.1504424778761062,0.0023704035719826918,63.46676784771831,False
14,computer,4,300,office,0.08526094699323676,0.1592920353982301,0.0031203130656644886,51.04985671229144,False
14,computer,5,257,work,0.07066451454640682,0.1592920353982301,0.004533935559501439,35.13320645511811,False
14,computer,6,780,classroom,0.05493493623210881,0.07079646017699115,0.0014825796886582653,47.751897047834944,False
14,computer,7,684,furniture,0.04851105778026401,0.05309734513274336,0.0010688365197303773,49.67724940166104,False
14,computer,8,553,display,0.04841773426523057,0.07079646017699115,0.0019049425069388177,37.164427941963886,False
14,computer,9,679,phone,0.04323209601893302,0.05309734513274336,0.0013446652990156361,39.48712017809285,False
14,computer,10,415,chair,0.03152167256266096,0.05309734513274336,0.0024652197148619993,21.538501995427918,False
15,coral,1,487,coral,0.6258447953977746,0.45569620253164556,0.0005379236148466917,847.1235110702582,True
15,coral,2,206,underwater,0.4301634708234277,0.4522439585730725,0.004754550660257856,95.11793010724692,False
15,coral,3,150,fish,0.38756492716096225,0.4430379746835443,0.006255531069426851,70.82328766872544,False
15,coral,4,489,scuba,0.3806409573449119,0.285385500575374,0.0020128754620069756,141.7793093357763,False
15,coral,5,946,reef,0.3655511023526472,0.21518987341772153,0.000954380606986066,225.47359733273575,False
15,coral,6,393,diving,0.3564973332654731,0.28423475258918296,0.0025507990768536674,111.42925794343513,False
15,coral,7,963,dive,0.24119262327247115,0.14039125431530494,0.001431570910479099,98.06729280032171,False
15,coral,8,635,aquarium,0.2381941538772841,0.1668584579976985,0.0023252182061115063,71.76003953467301,False
15,coral,9,981,reefs,0.20263544062455668,0.11622554660529344,0.0015270089711777056,76.11271293876268,False
15,coral,10,340,marine,0.1850370006612381,0.16340621403912542,0.004329417480782245,37.74314843347394,False
16,cow,1,426,cow,0.775108345335979,0.8244111349036403,0.001227736468960747,671.4832139582378,True
16,cow,2,662,cows,0.2757410812473915,0.26124197002141325,0.002498703095279267,104.55061067834029,False
16,cow,3,875,horns,0.13836807119058875,0.10920770877944326,0.0019799412069859933,55.156772749812426,False
16,cow,4,203,farm,0.11164370958204516,0.17130620985010706,0.00798893307971641,21.442914055182882,False
16,cow,5,740,moose,0.07176144429308175,0.06423982869379015,0.0027062078505965762,23.73786673516646,False
16,cow,6,29,animal,0.06209333129190757,0.21199143468950749,0.033537956078160125,6.320939206493979,False
16,cow,7,106,field,0.05019096399202029,0.10492505353319058,0.013193844025592254,7.952571199413481,False
16,cow,8,934,nose,0.046720103907992375,0.03854389721627409,0.0022739062770188484,16.950451345027513,False
16,cow,9,56,animals,0.040390787192911205,0.11349036402569593,0.0210617326647069,5.388460766633115,False
16,cow,10,201,rural,0.036600383878851964,0.059957173447537475,0.007945702922358638,7.545853220901359,False
17,dancing,1,450,dancing,0.6178303793199353,0.6184834123222749,0.0013828270169828443,447.25691800738656,True
17,dancing,2,282,dance,0.25558011626584687,0.3080568720379147,0.00404476902467482,76.16160985770563,False
17,dancing,3,763,cheerleader,0.18848587094374608,0.17535545023696683,0.00242858994857612,72.20434157539086,False
17,dancing,4,524,movement,0.0896366390642957,0.08767772511848342,0.002938507411088544,29.837405348571366,False
17,dancing,5,598,basketball,0.08610589842596095,0.08056872037914692,0.002687870014260404,29.97482400691021,False
17,dancing,6,923,cheering,0.0837739232381079,0.07109004739336493,0.002203880558316408,32.2566186987397,False
17,dancing,7,436,jump,0.04872378310205822,0.05924170616113744,0.004407761116632816,13.440288661447868,False
17,dancing,8,188,girls,0.047889564064183855,0.08056872037914692,0.008098180718205781,9.948979121721347,False
17,dancing,9,297,holland,0.04696120797827776,0.06398104265402843,0.005444881379369949,11.750657303549724,False
17,dancing,10,266,netherlands,0.0455286353377364,0.06398104265402843,0.005747374789334947,11.132202732058929,False
18,dog,1,100,dog,0.8542850339297613,0.9007795889440113,0.002536699327033718,355.09768081995077,True
18,dog,2,504,puppy,0.4620519987632805,0.27285613040396883,0.0008717179817985286,313.00605934550646,False
18,dog,3,290,dogs,0.4510443008104836,0.333805811481219,0.0024931134279437914,133.890611968829,False
18,dog,4,889,pups,0.28755217475513356,0.14386959603118354,0.0012291223543359252,117.04972660077223,False
18,dog,5,251,pet,0.2719867970328888,0.21545003543586108,0.004698559921894069,45.854387402414076,False
18,dog,6,418,pets,0.22193036764555454,0.1481218993621545,0.0033735485895603056,43.90672502932876,False
18,dog,7,68,cute,0.13179174252482556,0.16229624379872432,0.013694689494054883,11.851027024666006,False
18,dog,8,934,nose,0.07932691703508493,0.03756201275690999,0.001987516998500645,18.898874221706734,False
18,dog,9,29,animal,0.07461614388452505,0.1566265060240964,0.03275044457617072,4.782422657976115,False
18,dog,10,800,adorable,0.07375012415490051,0.03897944720056697,0.0025018306077617767,15.580311982960096,False
19,earthquake,1,944,earthquake,0.29727636652907985,0.7714285714285715,0.0017916824587396202,430.5585914957966,True
19,earthquake,2,707,relief,0.05895023215434811,0.14285714285714285,0.0016883161630431038,84.61466509507359,False
19,earthquake,3,399,pakistan,0.02826490784889831,0.11428571428571428,0.004530889294697309,25.22362931779733,False
19,earthquake,4,368,death,0.01745111258038616,0.05714285714285714,0.0029028701374771734,19.684886883589584,False
19,earthquake,5,281,thailand,0.011692595984921242,0.05714285714285714,0.005822967990903766,9.81334073941574,False
19,earthquake,6,994,warehouse,0.011571772570844354,0.02857142857142857,0.0016280191572201359,17.549709380030013,False
19,earthquake,7,623,library,0.01133923316746029,0.02857142857142857,0.0016883161630431038,16.922937757435633,False
19,earthquake,8,860,hangar,0.010908102917716364,0.02857142857142857,0.0018089101746890397,15.794748143787004,False
19,earthquake,9,52,old,0.009834078273937556,0.08571428571428572,0.015556627502325742,5.509821495903037,False
19,earthquake,10,529,antique,0.00922272332383691,0.02857142857142857,0.0024204940908934295,11.80392079440056,False
20,elk,1,999,elk,0.5854095309720205,0.4503968253968254,0.0006054158774638264,743.9339020055946,True
20,elk,2,228,deer,0.2944364380321897,0.38095238095238093,0.0054487428971744375,69.91551977883445,False
20,elk,3,939,antlers,0.24559273780603558,0.1865079365079365,0.0016519204656512978,112.9030249069249,False
20,elk,4,49,wildlife,0.1430300428320504,0.3551587301587302,0.022504173045155375,15.781898833923124,False
20,elk,5,881,fawn,0.13798102961770847,0.10317460317460317,0.0018940868166368284,54.47166811557222,False
20,elk,6,323,colorado,0.08136386874472651,0.09722222222222222,0.005163332554941491,18.829320578232274,False
20,elk,7,740,moose,0.07123831229472408,0.061507936507936505,0.002698425053838769,22.793932513008187,False
20,elk,8,29,animal,0.05814716375349044,0.19444444444444445,0.03355733720799495,5.79439290118018,False
20,elk,9,56,animals,0.05716389743546514,0.14682539682539683,0.02088684777250201,7.029559372913218,False
20,elk,10,872,caribou,0.05208078333861344,0.03968253968253968,0.0020930091763749427,18.95947735713959,False
21,fire,1,699,firefighter,0.17004147287056742,0.14318706697459585,0.002039863778588345,70.19408675064477,False
21,fire,2,962,storms,0.10511493869035435,0.09237875288683603,0.0023942468926651337,38.58347998071581,False
21,fire,3,157,storm,0.07361621697867399,0.13625866050808313,0.010493197572907844,12.985416476453402,False
21,fire,4,210,smoke,0.05939440734068933,0.08314087759815242,0.00601586944871817,13.820238305451351,False
21,fire,5,194,weather,0.058140554531133634,0.09930715935334873,0.008755855964872855,11.34178729456953,False
21,fire,6,814,riot,0.052377406418420855,0.04157043879907621,0.001979359344477674,21.00186552603503,False
21,fire,7,15,night,0.04741413164220076,0.17321016166281755,0.03306135149618822,5.239051382768603,False
21,fire,8,917,airforce,0.034299240957011805,0.03002309468822171,0.002325098967967224,12.912558121725388,False
21,fire,9,440,exposure,0.03161792008611748,0.03464203233256351,0.003500613687831694,9.89596295453882,False
21,fire,10,274,photojournalism,0.029693708148911348,0.04387990762124711,0.005955365014607499,7.368119977938805,False
22,fish,1,150,fish,0.6622207292872871,0.7154811715481172,0.0036641168349671356,195.26648879078297,True
22,fish,2,206,underwater,0.4137808457220966,0.41527196652719667,0.004723411275407872,87.91762417832136,False
22,fish,3,635,aquarium,0.3835761410599898,0.25418410041841005,0.00147606602356496,172.20258737386354,False
22,fish,4,489,scuba,0.3639962189371379,0.2604602510460251,0.002005713243785328,129.8585245262791,False
22,fish,5,393,diving,0.33385209670235627,0.25418410041841005,0.002587456911896224,98.23666121091819,False
22,fish,6,487,coral,0.26643966131403435,0.18723849372384938,0.002422484826909552,77.2916010568803,False
22,fish,7,946,reef,0.23879388605355362,0.13493723849372385,0.001458700540934784,92.50447207110203,False
22,fish,8,963,dive,0.20275884382109902,0.11297071129707113,0.0015542106954007518,72.68640909966902,False
22,fish,9,340,marine,0.1784381229502362,0.1506276150627615,0.004315322433598736,34.905219326787034,False
22,fish,10,537,tropical,0.1496579244105197,0.10774058577405858,0.003143152356061856,34.27776982829782,False
23,flags,1,503,flags,0.4389458669209142,0.7006369426751592,0.0024834008795378117,282.1268757611125,True
23,flags,2,286,flag,0.1656794887409908,0.3184713375796178,0.004449426575838579,71.57565731108235,False
23,flags,3,610,memorial,0.042918164358795426,0.06369426751592357,0.0026558592739501594,23.982459581374282,False
23,flags,4,510,stripes,0.038837056376656146,0.05732484076433121,0.0026127446753470727,21.940387785055368,False
23,flags,5,212,protest,0.033281912280817096,0.08280254777070063,0.0069586962145382425,11.899131134133551,False
23,flags,6,148,america,0.03156860585500774,0.08917197452229299,0.008735017676985427,10.208552029805062,False
23,flags,7,479,soldiers,0.029418814687666432,0.050955414012738856,0.003466413727688195,14.699710138068355,False
23,flags,8,5,red,0.027726302617211894,0.19745222929936307,0.043381909114426145,4.551486963464063,False
23,flags,9,369,wind,0.026794551265088326,0.05732484076433121,0.005087522635164266,11.267711654193704,False
23,flags,10,817,protesters,0.025537610818080998,0.03821656050955414,0.0025868759161852203,14.77319516506187,False
24,flowers,1,39,flowers,0.5968787939992081,0.4734982332155477,0.00592616609476462,79.89945550788673,True
24,flowers,2,32,flower,0.5557542873591257,0.45170789163722025,0.008024641322849963,56.290034727240425,False
24,flowers,3,22,macro,0.33138301535627757,0.2807224185316058,0.015923194005385787,17.629770267130635,False
24,flowers,4,258,excellence,0.2954889649536215,0.1221044365920691,0.0017292156385939315,70.61221153958526,False
24,flowers,5,411,petals,0.2493299946972504,0.08441303494307027,0.001053740779768177,80.10721943346127,False
24,flowers,6,98,garden,0.23430153384506916,0.13722025912838634,0.007358172795475219,18.64866271231634,False
24,flowers,7,851,blooms,0.2310640027518898,0.0624263839811543,0.0003152216007853521,198.0334262987224,False
24,flowers,8,648,blossoms,0.22800610825956918,0.06615626226933648,0.000603424207217674,109.63295000190837,False
24,flowers,9,50,pink,0.21127260469584214,0.1391833529642717,0.010222186196896419,13.61579843346476,False
24,flowers,10,330,rose,0.2028494938005692,0.06968983117393011,0.0017472283014959517,39.88571056063905,False
25,food,1,129,food,0.307787340085984,0.43523316062176165,0.0025704280021391483,169.32257080682575,True
25,food,2,719,vegetables,0.2203056145348797,0.18652849740932642,0.0008711853295840737,214.10641342439118,False
25,food,3,425,fruit,0.19352790894745353,0.19689119170984457,0.00137146997429572,143.56112039547045,False
25,food,4,342,market,0.08453477874439637,0.12435233160621761,0.0032173478013352423,38.650454591842376,False
25,food,5,5,red,0.05858909935512578,0.33678756476683935,0.043102109821105114,7.81371255438648,False
25,food,6,299,apple,0.04562545223055721,0.05181347150259067,0.0019062570082978246,27.18060023965731,False
25,food,7,850,bazaar,0.041137539064920764,0.04145077720207254,0.0015008539341349388,27.617951407409734,False
25,food,8,6,green,0.035678223922996986,0.23834196891191708,0.0488898856245795,4.875076452241189,False
25,food,9,599,coffee,0.03473607908829565,0.031088082901554404,0.001181706833198199,26.30756542361978,False
25,food,10,464,kitchen,0.0331814281006243,0.03626943005181347,0.0017423706591681474,20.816025396614158,False
26,fox,1,688,fox,0.638762516787415,0.6141304347826086,0.0009761660000518318,629.1185654533612,True
26,fox,2,938,kit,0.07635957602459123,0.059782608695652176,0.0016499796992026539,36.232116312327115,False
26,fox,3,49,wildlife,0.07635019283908383,0.23097826086956522,0.023289765806546358,9.917582409901994,False
26,fox,4,419,mammal,0.06951841675855713,0.09510869565217392,0.005044964106462564,18.852169237170227,False
26,fox,5,717,cubs,0.0524671020818145,0.05434782608695652,0.002885304814312494,18.836016027563492,False
26,fox,6,29,animal,0.04918918158984124,0.19293478260869565,0.0337511554177213,5.716389055632248,False
26,fox,7,323,colorado,0.0431622165039478,0.0625,0.005381870956037976,11.613042077766647,False
26,fox,8,118,baby,0.038923671671783996,0.08152173913043478,0.01042683506250054,7.818448307400517,False
26,fox,9,711,wolf,0.03225937076166864,0.035326086956521736,0.0030667161948531,11.51915583980392,False
26,fox,10,0,nature,0.030504559461591262,0.25271739130434784,0.09397109512003386,2.689309665790773,False
27,frost,1,631,frost,0.5037930180856653,0.38860103626943004,0.0010125662062519473,383.7746175251713,True
27,frost,2,36,winter,0.21548997882896806,0.5198618307426598,0.02447467719043168,21.240796121222687,False
27,frost,3,41,snow,0.1936951884462091,0.4697754749568221,0.024699691902932114,19.019479943644775,False
27,frost,4,133,ice,0.12069062936194576,0.17962003454231434,0.009147713504344514,19.63549121888169,False
27,frost,5,164,cold,0.11559373827160074,0.16580310880829016,0.008489978190881712,19.52925199429176,False
27,frost,6,831,crystals,0.11421092861400514,0.0535405872193437,0.0007962059057707619,67.24381770232877,False
27,frost,7,620,frozen,0.06588006103799976,0.0535405872193437,0.00270883096202444,19.765131275676804,False
27,frost,8,24,trees,0.06253337143447665,0.19689119170984457,0.03404645688371932,5.783014207679679,False
27,frost,9,30,tree,0.039487911302746787,0.12607944732297063,0.029883684702461315,4.219004998487899,False
27,frost,10,967,skiing,0.036689068289769505,0.02936096718480138,0.002527088309620244,11.618454681018546,False
28,garden,1,98,garden,0.27965109273987593,0.2819548872180451,0.009307523727200496,30.293191030192595,True
28,garden,2,6,green,0.09693506838286046,0.22681704260651628,0.046729706367708304,4.853807603318859,False
28,garden,3,39,flowers,0.09350196765723791,0.15350877192982457,0.024665811003134523,6.223542362944931,False
28,garden,4,24,trees,0.08603954466710625,0.16854636591478697,0.03299543355074172,5.108171243571542,False
28,garden,5,78,autumn,0.06996646129336546,0.08646616541353383,0.0138303166828195,6.251925742357557,False
28,garden,6,925,gardens,0.06343263821338205,0.03007518796992481,0.0022352026962132523,13.455183938815397,False
28,garden,7,76,spring,0.062440277205668686,0.08208020050125313,0.014982843073054457,5.478276407106217,False
28,garden,8,149,leaves,0.062268880393243534,0.05764411027568922,0.008006565907920126,7.199597048554489,False
28,garden,9,333,path,0.0582790406746406,0.041353383458646614,0.0048458495953060746,8.533758076421249,False
28,garden,10,92,house,0.05764862665961348,0.06641604010025062,0.01163877028926666,5.706444184834369,False
29,glacier,1,617,glacier,0.6407461420663613,0.7728937728937729,0.0015968373987950352,484.0123004095387,True
29,glacier,2,133,ice,0.17921291765116165,0.3772893772893773,0.009132183610406202,41.31421248663117,False
29,glacier,3,80,mountain,0.125808444631664,0.3516483516483517,0.016175531272118356,21.739511261640743,False
29,glacier,4,41,snow,0.11167940791470424,0.3992673992673993,0.026041396930619572,15.332021435367968,False
29,glacier,5,61,mountains,0.10173280087276862,0.31868131868131866,0.019947520154677437,15.975979292182796,False
29,glacier,6,269,alaska,0.07211113900483722,0.13186813186813187,0.00681029571702315,19.363028232126517,False
29,glacier,7,401,iceland,0.06964289668063552,0.10622710622710622,0.0047646175358641045,22.294946546717014,False
29,glacier,8,164,cold,0.06393853055942536,0.13553113553113552,0.008976815647280197,15.09789215658865,False
29,glacier,9,690,arctic,0.0530315194289427,0.06593406593406594,0.0031505170300550694,20.927951198347102,False
29,glacier,10,354,switzerland,0.04957831720165433,0.07692307692307693,0.004816406856906106,15.971019371543678,False
30,grass,1,72,grass,0.3408496884862415,0.14660551838207653,0.002032559858401572,72.12816217660938,True
30,grass,2,6,green,0.1758359333436271,0.15495075558228705,0.035526034271487754,4.361610439883575,False
30,grass,3,106,field,0.1574712807204751,0.06420569881963763,0.007011845253146092,9.156736199143541,False
30,grass,4,24,trees,0.12285247640753938,0.09751146530336065,0.026753933829965184,3.644751440127679,False
30,grass,5,8,landscape,0.11916005584255768,0.1331478836177731,0.04669052574251648,2.851710555476201,False
30,grass,6,424,fields,0.11672785733559135,0.028043004285392074,0.0020714605255480133,13.537732707045503,False
30,grass,7,203,farm,0.10602357396208219,0.035937147582888504,0.005115437729757065,7.025222322933437,False
30,grass,8,887,lawn,0.10415351809965574,0.017968573791444252,0.000797463676502052,22.53188327200919,False
30,grass,9,629,meadow,0.09842986780723693,0.020073678670776633,0.0014976756851380001,13.40313850227326,False
30,grass,10,390,countryside,0.09520521114139398,0.02353206525825126,0.002547993698091922,9.235494938988237,False
31,harbor,1,380,harbor,0.3819616814867948,0.5273311897106109,0.003643710713545624,144.72327633406255,True
31,harbor,2,168,boats,0.18260027608523752,0.35691318327974275,0.008867513987704636,40.24947592751085,False
31,harbor,3,442,port,0.13160483440716536,0.17041800643086816,0.00385093596739656,44.25354649836326,False
31,harbor,4,430,harbour,0.12990472137036574,0.17684887459807075,0.004274020860675554,41.377540397571664,False
31,harbor,5,66,boat,0.07432771800599304,0.2090032154340836,0.017536437107135455,11.918219474972307,False
31,harbor,6,530,dock,0.07229765421071571,0.09003215434083602,0.0036005387856600122,25.005122746679387,False
31,harbor,7,525,ships,0.06977161996868453,0.08681672025723473,0.00359190440008289,24.170044323782125,False
31,harbor,8,435,pier,0.06445477951577658,0.08681672025723473,0.004187677004904331,20.731427672498192,False
31,harbor,9,3,water,0.05173103697522144,0.3633440514469453,0.08422843130482835,4.3137930112226455,False
31,harbor,10,134,reflections,0.05074462046511763,0.11254019292604502,0.010620294259860469,10.596702332850452,False
32,horses,1,289,horses,0.8122712750449511,0.7243133265513734,0.0005818800805947336,1244.7597247422966,True
32,horses,2,224,horse,0.5631288198177918,0.5361139369277721,0.003065726394775238,174.8728128881012,False
32,horses,3,874,foals,0.35385118921636266,0.20447609359104782,0.0010595428333217537,192.98339559907032,False
32,horses,4,534,argentina,0.08292190935112197,0.05595116988809766,0.002987563398874453,18.727968293323563,False
32,horses,5,200,brasil,0.07918315095396508,0.08240081383519837,0.00702598485374835,11.727993764646405,False
32,horses,6,196,brazil,0.07747019697144196,0.08240081383519837,0.007312582505384562,11.268346181538663,False
32,horses,7,370,mare,0.04363973907578997,0.04069175991861648,0.005262975057319531,7.731690186356152,False
32,horses,8,56,animals,0.039545713358379586,0.08341810783316378,0.02090425901479886,3.9904824117078275,False
32,horses,9,401,iceland,0.03874299571596745,0.03458799593082401,0.004750573195303273,7.280791538398886,False
32,horses,10,203,farm,0.03401333050583179,0.042726347914547304,0.008354755784061696,5.114010257002771,False
33,house,1,92,house,0.31897337605777354,0.2658514492753623,0.007478998235588444,35.546351989602435,True
33,house,2,564,barn,0.19209205844932808,0.08876811594202899,0.0021594290680220156,41.10702971736917,False
33,house,3,834,cottage,0.11346875019749826,0.04076086956521739,0.0014922883803404174,27.314161900999437,False
33,house,4,910,cabin,0.11133431626620226,0.04076086956521739,0.0015712918828290276,25.940832891913846,False
33,house,5,466,houses,0.1078487971463406,0.05389492753623189,0.003177696433430771,16.960326155127206,False
33,house,6,203,farm,0.10141737435239219,0.07608695652173914,0.0073385475644975814,10.36810924395171,False
33,house,7,201,rural,0.09464261185146126,0.06929347826086957,0.006969864552884067,9.941855873459959,False
33,house,8,71,abandoned,0.09081618897455632,0.08106884057971014,0.010156339153258016,7.9820858220204425,False
33,house,9,966,hut,0.07942269453895248,0.030797101449275364,0.0019224185605561848,16.019899038727008,False
33,house,10,159,home,0.07648003117820953,0.049818840579710144,0.00546879800560047,9.109636053906428,False
34,lake,1,59,lake,0.428142669366235,0.24961320268179474,0.004493822147991621,55.5457356798143,True
34,lake,2,3,water,0.2377372025070641,0.33277462609592573,0.06724123612405533,4.948965929066516,False
34,lake,3,10,sunset,0.18989048790931262,0.21376998452810728,0.042271456385933506,5.057075441301525,False
34,lake,4,14,sea,0.17600101385906097,0.17702423929860753,0.03365291452510358,5.2602931779838435,False
34,lake,5,27,reflection,0.17023016334831004,0.1410520887055183,0.023031991953566915,6.124178826915819,False
34,lake,6,66,boat,0.1430203693504846,0.0892212480660134,0.012955495473881388,6.886744654300491,False
34,lake,7,37,ocean,0.13885688580232516,0.11449200618875709,0.022183056352714288,5.1612348973003,False
34,lake,8,20,beach,0.13344243655801427,0.1333161423414131,0.031152245526939865,4.2795024015556065,False
34,lake,9,8,landscape,0.12674558054074234,0.16606498194945848,0.04875843168375303,3.40587160325088,False
34,lake,10,89,sunrise,0.12144013199581373,0.07387828777720475,0.012217290603574757,6.047023002412505,False
35,leaf,1,271,leaf,0.2747406644928456,0.2340966921119593,0.003207879245021285,72.97530688607237,True
35,leaf,2,149,leaves,0.1178848991081419,0.14122137404580154,0.007785609627105713,18.13874692184266,False
35,leaf,3,32,flower,0.07605330536763807,0.178117048346056,0.026460668799472866,6.731386586711612,False
35,leaf,4,39,flowers,0.07412054155896083,0.17048346055979643,0.025454955306439167,6.697454445819669,False
35,leaf,5,78,autumn,0.0715528258589951,0.11959287531806616,0.014114668678093653,8.472944233840577,False
35,leaf,6,98,garden,0.0654525254810018,0.10305343511450382,0.012441369504339307,8.28312045931569,False
35,leaf,7,6,green,0.06328165222775986,0.21501272264631044,0.048074838955791954,4.472457788562769,False
35,leaf,8,261,plant,0.06005638804002099,0.062340966921119595,0.005644133482456368,11.0452501987048,False
35,leaf,9,116,fall,0.05880013824020227,0.08524173027989822,0.010481962181704685,8.13222347877242,False
35,leaf,10,0,nature,0.057719540224115184,0.2989821882951654,0.09308051776905003,3.2120810384422764,False
36,map,1,799,maps,0.10779330114898163,1.0,0.000731963556826206,1366.169584507862,False
36,map,2,16,art,0.02014909259541852,1.0,0.020761931005976265,48.16505401456216,False
36,map,3,722,crafts,-5.3786576881799013e-05,0.0,0.00033584210254378866,2.9775010858227968e-05,False
36,map,4,998,cake,-6.270551310795898e-05,0.0,0.0004564008060210461,2.1910085975350193e-05,False
36,map,5,892,sewing,-6.445660351751922e-05,0.0,0.00048223481390902986,2.0736355708920885e-05,False
36,map,6,924,cheese,-6.445660351751922e-05,0.0,0.00048223481390902986,2.0736355708920885e-05,False
36,map,7,775,ceiling,-7.206901999536032e-05,0.0,0.0006027935173862873,1.6589153366853732e-05,False
36,map,8,958,pottery,-7.206901999536032e-05,0.0,0.0006027935173862873,1.6589153366853732e-05,False
36,map,9,973,charts,-7.309195645615064e-05,0.0,0.0006200161893116098,1.6128350983210237e-05,False
36,map,10,905,figures,-7.410080749969008e-05,0.0,0.0006372388612369323,1.5692456445649027e-05,False
37,military,1,151,military,0.5049734654643878,0.4029325513196481,0.0032773417699393475,122.94455694852219,True
37,military,2,158,aircraft,0.2842029809695301,0.23870967741935484,0.006353673244655748,37.57028454639125,False
37,military,3,709,fighter,0.2717291568281345,0.12375366568914956,0.0011536243030186503,107.27288133278478,False
37,military,4,233,aviation,0.2705377481291874,0.19178885630498535,0.004247434933841394,45.1539382598967,False
37,military,5,320,navy,0.2522778573955547,0.15542521994134897,0.003067591896663229,50.666688565557386,False
37,military,6,303,army,0.2355428839816758,0.13900293255131965,0.002857842023387111,48.63895730562498,False
37,military,7,917,airforce,0.2339915007929277,0.0967741935483871,0.0010225306322210763,94.64093699453522,False
37,military,8,137,airplane,0.2159491209038805,0.1912023460410557,0.007848141091748091,24.362726176627092,False
37,military,9,451,soldier,0.2050513163448341,0.10381231671554252,0.002080019576654839,49.90906277520167,False
37,military,10,741,pilot,0.19108934059644364,0.08973607038123167,0.001782873922847005,50.33198136530183,False
38,moon,1,221,moon,0.6573263970588494,0.8675213675213675,0.0035016730215547427,247.74411966511727,True
38,moon,2,15,night,0.11715551213962869,0.36538461538461536,0.03224133011698182,11.33279894876838,False
38,moon,3,477,space,0.08352963732182062,0.06196581196581197,0.001841620626151013,33.647258622821575,False
38,moon,4,552,stars,0.07644489897578169,0.06837606837606838,0.002706231248757122,25.266069093977123,False
38,moon,5,1,sky,0.04589616577200323,0.3034188034188034,0.09258250546866219,3.2772798609204585,False
38,moon,6,83,dark,0.043486378361113305,0.08547008547008547,0.01146473685575701,7.455035557733815,False
38,moon,7,820,nighttime,0.04319889880724222,0.03632478632478633,0.0023517408934886175,15.44585203533256,False
38,moon,8,95,silhouette,0.02862803301517596,0.06623931623931624,0.013565740668689855,4.882835300238749,False
38,moon,9,835,harvest,0.024978336916409424,0.021367521367521368,0.0022739259374540675,9.39671651060002,False
38,moon,10,176,evening,0.023756250382112418,0.04487179487179487,0.009061119324912026,4.952120564974999,False
39,mountain,1,80,mountain,0.5610243018062381,0.46799041424169807,0.005326572796494886,87.85941045535898,True
39,mountain,2,61,mountains,0.32238356056480505,0.3060595686408764,0.013285514902036994,23.03707086454296,False
39,mountain,3,8,landscape,0.18580060551749553,0.32386169120164326,0.04969701252583785,6.516722426042026,False
39,mountain,4,617,glacier,0.1802116180906025,0.0688120506675796,0.0017225235411550625,39.948168801077145,False
39,mountain,5,41,snow,0.1611812237307688,0.1893187264635399,0.02272847728918962,8.329579265646323,False
39,mountain,6,764,volcano,0.14731371603432702,0.05272167066073263,0.0016695228168118299,31.57870281424651,False
39,mountain,7,372,valley,0.1458127391940892,0.07155083875385142,0.0036393830715686446,19.66010467866602,False
39,mountain,8,402,hiking,0.12607400301473506,0.0609380349195481,0.0036482165256258503,16.703470711455953,False
39,mountain,9,59,lake,0.12275270417544758,0.13009243409791169,0.01804674663887073,7.2086329250823304,False
39,mountain,10,354,switzerland,0.09090755022450975,0.04484765491270113,0.003957387417628041,11.332615903808223,False
40,nighttime,1,15,night,0.32957620055457604,0.4909090909090909,0.025875203586627205,18.972175795402975,False
40,nighttime,2,81,lights,0.21018612823252458,0.1890909090909091,0.009115427050314356,20.744032134409625,False
40,nighttime,3,820,nighttime,0.19114808909505507,0.07584415584415584,0.001252167212483144,60.56983395645112,True
40,nighttime,4,239,skyline,0.130978259533475,0.09506493506493506,0.006103220609096163,15.576167959842726,False
40,nighttime,5,21,city,0.11143572209588562,0.1761038961038961,0.027442601705749463,6.41717005626694,False
40,nighttime,6,353,cityscape,0.09543872048731698,0.0587012987012987,0.004404476278874275,13.327617566401393,False
40,nighttime,7,403,traffic,0.08004837918036753,0.044675324675324674,0.003625155426349801,12.323667866464376,False
40,nighttime,8,440,exposure,0.07981159580864282,0.04051948051948052,0.002994693613071575,13.530384223205624,False
40,nighttime,9,125,buildings,0.07825934813811881,0.07428571428571429,0.010043606942085077,7.3963119774550465,False
40,nighttime,10,221,moon,0.07091093959002803,0.05246753246753247,0.006217053992049176,8.439279784578654,False
41,ocean,1,37,ocean,0.39577997326865677,0.294842880769809,0.012157915890240784,24.25108471885658,True
41,ocean,2,14,sea,0.3508716652729759,0.3327319200120283,0.02564032299316745,12.976895818813801,False
41,ocean,3,20,beach,0.2907205697685669,0.2634190347316193,0.02427929409185575,10.84953027216215,False
41,ocean,4,213,waves,0.21433396290459292,0.08690422492858217,0.0034710804194526654,25.036580563143485,False
41,ocean,5,3,water,0.16650346598676552,0.2733423545331529,0.07353209835945779,3.717319829820918,False
41,ocean,6,10,sunset,0.1601974208391926,0.20027063599458728,0.04482260952172166,4.468070990307323,False
41,ocean,7,371,seascape,0.15195125735303283,0.05172154563223575,0.002822536446344404,18.324430302722728,False
41,ocean,8,75,sand,0.15159669391145272,0.0935197714629379,0.01139975885125507,8.203655941027412,False
41,ocean,9,153,coast,0.14322610012603634,0.06916253195008269,0.006777741240089152,10.204349422120861,False
41,ocean,10,460,wave,0.14148621040007053,0.04179822583070215,0.0020095728744199642,20.799458615393796,False
42,person,1,19,portrait,0.2408671605302962,0.10843138529545603,0.008329330724804067,13.018004530965646,False
42,person,2,35,girl,0.22446154277291372,0.08496392121172723,0.004404821874157988,19.288802305983275,False
42,person,3,13,people,0.22200737253590822,0.10992654228694013,0.012956736683028549,8.484116806183136,False
42,person,4,55,woman,0.18174164573314375,0.05827861925502178,0.0035027705860990383,16.6378189619708,False
42,person,5,63,man,0.15386173692620195,0.0503802899304427,0.00514286383711531,9.796137631620674,False
42,person,6,110,child,0.1465772011570824,0.03724891113566924,0.002038401611977367,18.273503210441305,False
42,person,7,132,boy,0.13368810495963945,0.03409608008840928,0.0025890043462471154,13.169525359267704,False
42,person,8,188,girls,0.13088136364121652,0.02821296236104791,0.0012066400346762572,23.38123859468286,False
42,person,9,189,fashion,0.12972323289471047,0.02597022687382175,0.0007380419629573224,35.187545291202575,False
42,person,10,141,kids,0.12653270840164602,0.03087824221543262,0.0024132800693525145,12.795085268683534,False
43,plane,1,180,plane,0.5946756956439441,0.5174165457184325,0.002753836634741915,187.88866060688375,True
43,plane,2,137,airplane,0.578175855223123,0.5493468795355588,0.004069752241849602,134.98255104108856,False
43,plane,3,158,aircraft,0.5552135202834443,0.5079825834542816,0.0037821680363227567,134.30954031666116,False
43,plane,4,233,aviation,0.509654479858381,0.39477503628447025,0.002344247008688529,168.40092396922094,False
43,plane,5,177,airport,0.41482155027939127,0.3352685050798258,0.0036165892513224515,92.70269990716582,False
43,plane,6,287,jet,0.40425797146768205,0.295355587808418,0.0027102632702681504,108.97631653917907,False
43,plane,7,174,flying,0.3423236150935935,0.3084179970972424,0.005664537381589382,54.447069875281926,False
43,plane,8,765,airplanes,0.2867296351917031,0.14876632801161102,0.0013594889715814516,109.42732662648284,False
43,plane,9,940,landing,0.28327352979285203,0.13425253991291727,0.0010196167286860888,131.66833129798172,False
43,plane,10,709,fighter,0.28125829422072807,0.14223512336719885,0.0012810569155286757,111.0286524794848,False
44,plants,1,211,plants,0.31484937492267456,0.11112430250504571,0.0003621035430438981,306.8769855193579,True
44,plants,2,32,flower,0.28702949974479713,0.19529858720170962,0.01436344054074129,13.596913683641255,False
44,plants,3,39,flowers,0.21384682213367268,0.14911551703668527,0.016842457104657208,8.853544205257936,False
44,plants,4,22,macro,0.16880543141125734,0.12632078831770152,0.019813563098863552,6.375467851628786,False
44,plants,5,6,green,0.16601587641628143,0.17760892793541494,0.03916289088613236,4.535132329747986,False
44,plants,6,258,excellence,0.16075674827318678,0.05496853852546599,0.003258931887395083,16.866992546897823,False
44,plants,7,791,tulip,0.14674748375243007,0.03158019707942538,0.0007427764985515859,42.51586040000182,False
44,plants,8,914,orchid,0.146316531757495,0.02956191380743203,0.0005477976676817946,53.964056276415036,False
44,plants,9,0,nature,0.1460048173372102,0.2471803395464799,0.08253175369531308,2.994972341303753,False
44,plants,10,24,trees,0.14180068145365857,0.1278641814080494,0.027584862214959517,4.635301204647506,False
45,police,1,156,police,0.7621124900753922,0.9331514324693042,0.003553044352392672,262.6335963143677,True
45,police,2,891,officers,0.3776556106236024,0.24147339699863574,0.0010312494583773852,234.15388342578433,False
45,police,3,814,riot,0.161529831414363,0.09549795361527967,0.0015338752448134218,62.2588710193218,False
45,police,4,735,uniform,0.14304189481429444,0.09822646657571624,0.002227152191621748,44.103872158583506,False
45,police,5,212,protest,0.14261084556286086,0.15688949522510232,0.006109503093748375,25.679543167792076,False
45,police,6,931,roadblock,0.10230224766819772,0.06548431105047749,0.00201916910757925,32.43116017032546,False
45,police,7,394,demonstration,0.10149483679397574,0.09004092769440655,0.003986342444147876,22.587299782434,False
45,police,8,817,protesters,0.08286327591980483,0.05593451568894952,0.0022964798863025805,24.35653038255084,False
45,police,9,769,motorcycle,0.06012094252677437,0.03819918144611187,0.0020451669930845627,18.67769468132895,False
45,police,10,610,memorial,0.05824393544014809,0.040927694406548434,0.0024957970085099745,16.398585414255546,False
46,protest,1,212,protest,0.5349811289020137,0.7488151658767772,0.004355905103495959,171.90766075211042,True
46,protest,2,817,protesters,0.36538138367176043,0.3127962085308057,0.0015038243809688432,207.99911379156472,False
46,protest,3,394,demonstration,0.26019692161356955,0.2938388625592417,0.003474352880169396,84.5734549595796,False
46,protest,4,405,march,0.21393463895702644,0.23696682464454977,0.003482995549025539,68.035158517289,False
46,protest,5,350,iraq,0.2130720989725885,0.23459715639810427,0.003439782204744825,68.20097041748703,False
46,protest,6,672,rally,0.2035237753032867,0.1872037914691943,0.002324877922302407,80.52164565584765,False
46,protest,7,199,peace,0.16420944695449805,0.22985781990521326,0.0059634415107385165,38.54442842224898,False
46,protest,8,273,bush,0.15533620762710246,0.1895734597156398,0.004494187805194244,42.18182597493531,False
46,protest,9,274,photojournalism,0.14418236110553256,0.19194312796208532,0.005418953372801521,35.420637630708626,False
46,protest,10,114,war,0.13748156369267295,0.22748815165876776,0.008478458147876063,26.831281039341487,False
47,railroad,1,378,railroad,0.8502256524828176,0.8814655172413793,0.0007694768422053726,1145.5238464053166,True
47,railroad,2,175,train,0.3904981953132375,0.5129310344827587,0.004755193968684886,107.86730660990268,False
47,railroad,3,978,locomotive,0.37337041171183255,0.27370689655172414,0.0010374968658948842,263.81213999547157,False
47,railroad,4,737,rail,0.37178357425290104,0.27586206896551724,0.001080725901973838,255.25392324034704,False
47,railroad,5,645,railway,0.3420382032071621,0.27155172413793105,0.0014092665761738844,192.6887445154169,False
47,railroad,6,531,tracks,0.29119130862248604,0.2672413793103448,0.002247909876105583,118.88385887371047,False
47,railroad,7,985,engine,0.23707472820274686,0.17456896551724138,0.0014352039978212565,121.63271524821236,False
47,railroad,8,691,track,0.1562757050755395,0.1314655172413793,0.0022133266472424197,59.39698662883989,False
47,railroad,9,816,steam,0.11074391589282477,0.08620689655172414,0.00197124404520028,43.73201250322126,False
47,railroad,10,842,ties,0.09756275280951374,0.0625,0.0013228085040159774,47.24760789953775,False
48,rainbow,1,325,rainbow,0.6525319165128154,0.9163179916317992,0.0021658843020847716,423.06681390213805,True
48,rainbow,2,127,rain,0.06985279809580933,0.17154811715481172,0.010682728151318514,16.0584416396688,False
48,rainbow,3,157,storm,0.0481396981719832,0.12133891213389121,0.010734502278061577,11.3036269362582,False
48,rainbow,4,194,weather,0.04569223484432216,0.10460251046025104,0.008896520778682866,11.757675330128793,False
48,rainbow,5,988,kauai,0.03131838970342136,0.03765690376569038,0.0025196741681623638,14.94509281818206,False
48,rainbow,6,843,waterfalls,0.0301807002944443,0.03765690376569038,0.002692254590639238,13.987077606198175,False
48,rainbow,7,930,maui,0.02690797093557009,0.03347280334728033,0.0026404804638961756,12.676740857412348,False
48,rainbow,8,160,hawaii,0.02616123563627838,0.06694560669456066,0.009785309954438768,6.841433597088782,False
48,rainbow,9,1,sky,0.02328803998118458,0.24267782426778242,0.09312439596852133,2.605953098372669,False
48,rainbow,10,962,storms,0.023116436347266886,0.029288702928870293,0.0026749965483915503,10.949024759016478,False
49,reflection,1,27,reflection,0.40152994938429093,0.37339429566731985,0.016811017268276936,22.211272381428433,True
49,reflection,2,3,water,0.22114530157839266,0.3888526017853255,0.07246220883318091,5.366280774268361,False
49,reflection,3,59,lake,0.2139574627704124,0.1715654256477248,0.01465920705793749,11.70358791807559,False
49,reflection,4,134,reflections,0.21366005673712385,0.1201828870019595,0.006392669499883444,18.800081719121188,False
49,reflection,5,360,canal,0.1331162219106907,0.052906596995427824,0.0033353058260261444,15.862547883048096,False
49,reflection,6,48,river,0.13275785230791123,0.12061833224472022,0.01882833934047017,6.406209066105431,False
49,reflection,7,379,pond,0.13051065699953068,0.05094709340300457,0.0032187494396327576,15.82817988063667,False
49,reflection,8,10,sunset,0.10781999895364658,0.17352492924014806,0.048792296519446984,3.556399596952581,False
49,reflection,9,168,boats,0.10360385818043362,0.06009144350097975,0.007728585005469185,7.775210560063724,False
49,reflection,10,66,boat,0.09727249640347835,0.08186370563901589,0.015421306507432711,5.3084777554211735,False
50,road,1,101,road,0.43645799439756017,0.245,0.0026690310964741647,91.79326999634736,True
50,road,2,74,car,0.16609464397010384,0.10357142857142858,0.01021469867091299,10.13944126143848,False
50,road,3,403,traffic,0.1435817288263005,0.04607142857142857,0.0021895102554127044,21.041796008753767,False
50,road,4,205,cars,0.13675328559578273,0.05910714285714286,0.004695685217186751,12.587519019719233,False
50,road,5,31,street,0.12721395657372414,0.11285714285714285,0.020402254652709294,5.531599299304065,False
50,road,6,443,highway,0.12516908701676893,0.040535714285714286,0.0024337944574628822,16.65529215439548,False
50,road,7,931,roadblock,0.1034493612607894,0.025,0.0012757063884842618,19.596840038798657,False
50,road,8,433,racing,0.1008223457268438,0.03267857142857143,0.0026418884073574783,12.369355815334975,False
50,road,9,845,formula,0.08428354462106417,0.019464285714285715,0.0012666588254453663,15.366523058970829,False
50,road,10,481,speed,0.07640323342020645,0.024642857142857143,0.002732364037746433,9.01884837230474,False
51,rocks,1,113,rocks,0.4741508796310062,0.3105161468396357,0.003270994809073455,94.92989920965371,True
51,rocks,2,61,mountains,0.16063150975269397,0.14794369307203975,0.016550522648083623,8.93890886884357,False
51,rocks,3,121,rock,0.151339022788775,0.09688103781396633,0.007804166962952428,12.413999358788871,False
51,rocks,4,407,waterfall,0.1481757636051054,0.06237924372067347,0.003022114769252649,20.640859819993285,False
51,rocks,5,8,landscape,0.14425843979869135,0.242340601711289,0.050611533812131126,4.788247768352052,False
51,rocks,6,989,pebbles,0.13337782772007367,0.038642009384487995,0.0012177344805518026,31.73245290915049,False
51,rocks,7,676,stones,0.12848639771665107,0.041678167264697766,0.001688828841641186,24.678599424084535,False
51,rocks,8,485,cliff,0.12770367193786367,0.05133866961081976,0.0028621204579392734,17.937225561613108,False
51,rocks,9,80,mountain,0.12563000152243958,0.10736958321832735,0.014052833677024817,7.640417532991371,False
51,rocks,10,617,glacier,0.10930416669600765,0.03891802373723434,0.0022665860769394866,17.17025549156696,False
52,running,1,509,running,0.43165176708451003,0.5748987854251012,0.00252847773558854,227.36863119143655,True
52,running,2,696,run,0.13870610741785894,0.1659919028340081,0.0026061442871936485,63.692281631089095,False
52,running,3,803,athlete,0.07432357065488317,0.08502024291497975,0.002450811183983431,34.69051657893395,False
52,running,4,100,dog,0.06113611725201292,0.1659919028340081,0.013125647221263376,12.64636962826544,False
52,running,5,224,horse,0.054161001505059356,0.10931174089068826,0.007361063168795305,14.849974777329642,False
52,running,6,326,motion,0.05158011492509509,0.08097165991902834,0.00452191922678633,17.906443435554106,False
52,running,7,235,action,0.05002222946316819,0.0931174089068826,0.0062564722126337595,14.88335069807278,False
52,running,8,475,play,0.04340338593428944,0.06072874493927125,0.0035726613738350016,16.998136292083135,False
52,running,9,483,cross,0.04330303146284587,0.05668016194331984,0.0031411805315843975,18.044168723102164,False
52,running,10,691,track,0.040573705593637883,0.048582995951417005,0.002632033137728685,18.458286361272023,False
53,sand,1,788,dunes,0.16460213356549705,0.08935361216730038,0.001755376928090376,50.902522251606975,False
53,sand,2,75,sand,0.14228862712809123,0.20342205323193915,0.014390614816424072,14.135735301762075,True
53,sand,3,143,desert,0.11239219945828262,0.12547528517110265,0.00872474473169672,14.381526934534378,False
53,sand,4,20,beach,0.09512476723800853,0.22813688212927757,0.03623723658483598,6.295646430949996,False
53,sand,5,120,africa,0.060289755390812876,0.07984790874524715,0.011166630458396698,7.150576670103667,False
53,sand,6,8,landscape,0.040696679895731086,0.15494296577946767,0.05569411253530306,2.782034597658906,False
53,sand,7,14,sea,0.040455167722503176,0.12927756653992395,0.04244188572669998,3.0459896836935134,False
53,sand,8,502,egypt,0.03465462288428981,0.024714828897338403,0.00325874429719748,7.584136956441639,False
53,sand,9,37,ocean,0.026383251648105097,0.0741444866920152,0.027929611123180535,2.654690386418384,False
53,sand,10,213,waves,0.025443248810643183,0.03231939163498099,0.008029545948294591,4.025054665924005,False
54,sign,1,173,sign,0.48904984375945454,0.6434108527131783,0.003585622947986867,179.4413628072047,True
54,sign,2,990,neon,0.15204989019330967,0.10077519379844961,0.0010972870226369448,91.83949442993469,False
54,sign,3,586,signs,0.1082922344996436,0.08785529715762273,0.0018144116122343183,48.420558135567944,False
54,sign,4,204,funny,0.03075174743805552,0.04909560723514212,0.006324520476931052,7.762729172421592,False
54,sign,5,101,road,0.028193803829366197,0.07235142118863049,0.014161050630724037,5.109181654914731,False
54,sign,6,732,theater,0.025673513896043824,0.020671834625323,0.0017452911698634872,11.844285090887722,False
54,sign,7,752,entrance,0.024071147718461847,0.01808785529715762,0.0015206497321582858,11.894748650630314,False
54,sign,8,591,store,0.02129552117818908,0.01808785529715762,0.0018748919993087955,9.647365731022703,False
54,sign,9,445,restaurant,0.02091902651761086,0.020671834625323,0.0024624157594608604,8.394910809351275,False
54,sign,10,739,missouri,0.02091902651761086,0.020671834625323,0.0024624157594608604,8.394910809351275,False
55,sky,1,1,sky,0.380427685315607,0.2363761625904237,0.007674078972748064,30.801854582326822,True
55,sky,2,4,clouds,0.3124368936148563,0.17338385578137558,0.008418065085007302,20.59661668855561,False
55,sky,3,10,sunset,0.22732018785476382,0.11989895510391549,0.014025515968146373,8.548625226335199,False
55,sky,4,8,landscape,0.18911577049508108,0.1130095303708807,0.022746686506296326,4.9681737451238,False
55,sky,5,2,blue,0.14939603640541305,0.12224135951314732,0.042324543275192195,2.888190425031538,False
55,sky,6,97,cloud,0.14283394082026882,0.0373866115512688,0.0015430823069080488,24.228376607088247,False
55,sky,7,14,sea,0.12862505263651025,0.07700080376621886,0.02296712683585462,3.35265184844507,False
55,sky,8,33,sun,0.1285700273674549,0.05663107130554599,0.01217932820809567,4.6497667063636525,False
55,sky,9,89,sunrise,0.1216125910642426,0.036238374095763005,0.004395029070568461,8.245292820815784,False
55,sky,10,20,beach,0.11598733642599522,0.06659777241933632,0.020804056102063873,3.201190675544405,False
56,snow,1,41,snow,0.7711940850174271,0.7745315973324866,0.0060808298960859635,127.37247165988157,True
56,snow,2,36,winter,0.42275516632694743,0.4369641155922515,0.015516295207916586,28.161609335275752,False
56,snow,3,133,ice,0.23795094049295032,0.15179422038742457,0.006045424772964648,25.1089021862005,False
56,snow,4,967,skiing,0.22705407234842537,0.07272149888853605,0.0007081024624263131,102.69768256776516,False
56,snow,5,164,cold,0.22223039046785434,0.13686884725309623,0.0057179273840924786,23.936753423335947,False
56,snow,6,61,mountains,0.15955369985320883,0.15655763734518896,0.01686168988652658,9.284808079776527,False
56,snow,7,80,mountain,0.1435198104355239,0.12797713559860274,0.013869956982775407,9.226925035764884,False
56,snow,8,631,frost,0.11224647412765085,0.039377580184185454,0.0019295792101117033,20.407240037326858,False
56,snow,9,620,frozen,0.11089221238601484,0.03906001905366783,0.00195613305245269,19.967879652100503,False
56,snow,10,617,glacier,0.10937168620918103,0.041600508097808825,0.002345589406787162,17.7355596089574,False
57,soccer,1,616,soccer,0.4591319768216858,0.9195402298850575,0.0023095484315753187,398.1454754785535,True
57,soccer,2,578,game,0.2093566554978194,0.40229885057471265,0.0024388142019993106,164.95607196488956,False
57,soccer,3,739,missouri,0.18683133939540872,0.3448275862068966,0.002266459841433988,152.1430331447628,False
57,soccer,4,355,football,0.16344108810578742,0.41379310344827586,0.0044122716304722505,93.78211730423635,False
57,soccer,5,771,stadium,0.05229106263126134,0.09195402298850575,0.0021458117890382628,42.8525954290541,False
57,soccer,6,328,sport,0.03644363813405525,0.10344827586206896,0.005377456049638056,19.237366616016445,False
57,soccer,7,202,sports,0.02961564354389556,0.10344827586206896,0.0077990348155808345,13.264225082461543,False
57,soccer,8,646,ball,0.024274802970643057,0.04597701149425287,0.002387107893829714,19.26047373407719,False
57,soccer,9,562,barcelona,0.02349473396546449,0.04597701149425287,0.002533609100310238,18.14677726759443,False
57,soccer,10,235,action,0.01746629142363312,0.05747126436781609,0.006402964495001723,8.975715023178555,False
58,sports,1,202,sports,0.6753527375919938,0.654434250764526,0.0023622184009865735,277.0410602510768,True
58,sports,2,328,sport,0.21296336661820997,0.17533129459734964,0.004003612804613274,43.793162631434654,False
58,sports,3,803,athlete,0.15703845767397584,0.08970438328236494,0.0018845639449047297,47.59929612998005,False
58,sports,4,235,action,0.15017128900293014,0.1365953109072375,0.005332360655168221,25.616246457820232,False
58,sports,5,441,time,0.14122979302830133,0.09582059123343527,0.0028572421100168484,33.53592806791916,False
58,sports,6,355,football,0.13230903243480135,0.10295616717635066,0.0038820280339742588,26.521166530392975,False
58,sports,7,246,outdoor,0.11647599017518538,0.11416921508664628,0.00632240807322877,18.0578417567919,False
58,sports,8,724,tennis,0.1049446407753933,0.05708460754332314,0.0018585100654820836,30.715093478700698,False
58,sports,9,655,baseball,0.09754907368130383,0.05504587155963303,0.0020322025949663907,27.086674738645343,False
58,sports,10,598,basketball,0.0935030003207544,0.0581039755351682,0.002501172424574019,23.230606837909473,False
59,statue,1,292,statue,0.7686372999760853,0.9486301369863014,0.0014417058747356153,657.986891599056,True
59,statue,2,218,sculpture,0.17651501233189631,0.22945205479452055,0.0035567833556351706,64.51093494959173,False
59,statue,3,756,buddha,0.07610509467909272,0.06506849315068493,0.0015884663530021151,40.962840288877935,False
59,statue,4,456,monument,0.07211402751851938,0.09246575342465753,0.0035999482021841413,25.685232503132216,False
59,statue,5,615,cemetery,0.06688006187745178,0.06506849315068493,0.002071912634350585,31.404890352520198,False
59,statue,6,657,angel,0.058151398593817204,0.05821917808219178,0.0021927742046877023,26.550349987806207,False
59,statue,7,610,memorial,0.05001404390271267,0.0547945205479452,0.0026071567315578193,21.016887752017567,False
59,statue,8,650,graveyard,0.04814806284967423,0.04794520547945205,0.002158242327448526,22.214833210041117,False
59,statue,9,171,stone,0.04521203312211509,0.0821917808219178,0.006828678724047136,12.036247974297101,False
59,statue,10,928,tomb,0.04401284165295079,0.03767123287671233,0.0015970993223119092,23.58714106194121,False
60,street,1,31,street,0.35185215192646724,0.5373475609756098,0.01900448547663633,28.27476118143794,True
60,street,2,675,shops,0.15021559482736932,0.06783536585365854,0.001437094456299264,47.20281504682248,False
60,street,3,21,city,0.10751385034471671,0.20121951219512196,0.02794930975917781,7.199442559923013,False
60,street,4,40,urban,0.0896106906384694,0.13414634146341464,0.01786351957496843,7.509509859204391,False
60,street,5,125,buildings,0.07884584918909836,0.08841463414634146,0.010225144798153552,8.646778057805763,False
60,street,6,560,sidewalk,0.07873962181021127,0.040396341463414635,0.0022035448329922047,18.332355909002036,False
60,street,7,403,traffic,0.07634385320666891,0.051067073170731704,0.003771284239864129,13.54099678326121,False
60,street,8,392,streets,0.07589666827875273,0.051067073170731704,0.003814832556721683,13.386419599611639,False
60,street,9,704,alley,0.0720509025007067,0.0350609756097561,0.0019858032487044376,17.655731541034992,False
60,street,10,15,night,0.06690605609347494,0.14634146341463414,0.03229543178156164,4.5313352393335125,False
61,sun,1,33,sun,0.4522482672645259,0.5915697674418605,0.018665123659731903,31.69384094570462,True
61,sun,2,10,sunset,0.2827229998667648,0.5276162790697675,0.04515048701156379,11.685724941956591,False
61,sun,3,89,sunrise,0.14564759994925533,0.15358527131782945,0.013851994073450637,11.087585630457458,False
61,sun,4,95,silhouette,0.12555344281569022,0.12257751937984496,0.011809263301859498,10.37976903799354,False
61,sun,5,1,sky,0.0965514361980371,0.3023255813953488,0.08965220974373811,3.372204193711168,False
61,sun,6,4,clouds,0.09254153941871426,0.24612403100775193,0.06709450040766944,3.6683186077711953,False
61,sun,7,915,rays,0.09072360184095432,0.0377906976744186,0.0020777991110175957,18.187766852129556,False
61,sun,8,34,orange,0.08955199271656114,0.12112403100775193,0.020681553176753197,5.856619249356334,False
61,sun,9,14,sea,0.083890682906147,0.17005813953488372,0.04093351919553229,4.154495174910175,False
61,sun,10,341,horizon,0.06390631666335454,0.040213178294573645,0.004769294161998194,8.431667792335883,False
62,sunset,1,10,sunset,0.7410455521557521,0.8497959183673469,0.018655542269413003,45.55190412457758,True
62,sunset,2,33,sun,0.24379735717209247,0.223265306122449,0.020282844992672643,11.007588241552064,False
62,sunset,3,95,silhouette,0.19934531019706545,0.12448979591836734,0.008900716552635602,13.986476854690537,False
62,sunset,4,34,orange,0.15432310631577828,0.13142857142857142,0.017666573763564602,7.439388576054443,False
62,sunset,5,4,clouds,0.15344121961903023,0.2571428571428571,0.06204428780781645,4.144504430356561,False
62,sunset,6,1,sky,0.15029748022978082,0.30183673469387756,0.08425112607550325,3.5825836748762754,False
62,sunset,7,208,dusk,0.142441111644274,0.07163265306122449,0.00590683916674908,12.12705133296108,False
62,sunset,8,89,sunrise,0.13210945250852268,0.09612244897959184,0.012820628084907441,7.497478545373492,False
62,sunset,9,14,sea,0.12367413310981629,0.16306122448979593,0.037949418756237245,4.29680339952405,False
62,sunset,10,20,beach,0.102845997990779,0.13163265306122449,0.03384969476835661,3.8887388815360473,False
63,surf,1,652,surf,0.42927517370875046,0.7851239669421488,0.0026550350843921864,295.7102241154167,True
63,surf,2,460,wave,0.18577326922960608,0.38016528925619836,0.0038963501887833386,97.5693418566899,False
63,surf,3,213,waves,0.13279435865537917,0.38016528925619836,0.007861662327810631,48.35679781658735,False
63,surf,4,160,hawaii,0.08841843211013735,0.2809917355371901,0.009620192059031429,29.208507660542903,False
63,surf,5,981,reefs,0.07502283008792894,0.11570247933884298,0.0022671241142699517,51.03469115946004,False
63,surf,6,821,oahu,0.07325622990490849,0.12396694214876033,0.0027326172784166336,45.36548146463301,False
63,surf,7,202,sports,0.06659454935202891,0.19008264462809918,0.007680637208420254,24.748260071066998,False
63,surf,8,37,ocean,0.06202924787657038,0.34710743801652894,0.028015792286605865,12.389702228248456,False
63,surf,9,373,pacific,0.06151295733128022,0.14049586776859505,0.004939399686223127,28.443860034623672,False
63,surf,10,235,action,0.060792369247284796,0.15702479338842976,0.006284157715980208,24.987366742158464,False
64,swimmers,1,306,swimming,0.24588823851956154,0.39501779359430605,0.005162025447576955,76.52365188226793,False
64,swimmers,2,634,swim,0.18194060081596117,0.21708185053380782,0.0028399772111251144,76.437619043998,False
64,swimmers,3,275,pool,0.1704247078195075,0.28113879003558717,0.005679954422250229,49.4965776430354,False
64,swimmers,4,206,underwater,0.08547809472157578,0.16370106761565836,0.007725773872209658,21.188927922835884,False
64,swimmers,5,393,diving,0.06355142976011942,0.09252669039145907,0.004445557032612261,20.813250528603415,False
64,swimmers,6,963,dive,0.05402784018301141,0.05693950177935943,0.002339312535607617,24.34017152943381,False
64,swimmers,7,337,sydney,0.05312948891010392,0.08185053380782918,0.0049030609602403194,16.69373020940683,False
64,swimmers,8,3,water,0.046589476943136844,0.3487544483985765,0.08433610137596464,4.135292138901838,False
64,swimmers,9,489,scuba,0.04053611307985664,0.05693950177935943,0.004005317404139979,14.2159444245446,False
64,swimmers,10,328,sport,0.03920183888370325,0.06405693950177936,0.00530877199040105,12.066223404464985,False
65,tattoo,1,772,club,0.05952226275982034,0.0755813953488372,0.002147384761329826,35.19679134451813,False
65,tattoo,2,840,designs,0.048400643972653125,0.040697674418604654,0.0009400198352809279,43.29403481799293,False
65,tattoo,3,743,artist,0.03776366877109386,0.040697674418604654,0.0015350782631193135,26.51162502923877,False
65,tattoo,4,128,design,0.03411530494963297,0.05813953488372093,0.0036997110948212668,15.714575070294494,False
65,tattoo,5,868,pictures,0.031818134810541875,0.040697674418604654,0.0021215126557716357,19.18324289768293,False
65,tattoo,6,549,french,0.024507233272822514,0.03488372093023256,0.002535466344702686,13.75825532867398,False
65,tattoo,7,277,model,0.024424720051096017,0.05232558139534884,0.005415894096847915,9.661469342819903,False
65,tattoo,8,338,picture,0.02419075990615751,0.046511627906976744,0.004432754085636669,10.492694176459059,False
65,tattoo,9,332,image,0.02419075990615751,0.046511627906976744,0.004432754085636669,10.492694176459059,False
65,tattoo,10,242,male,0.023882688139271656,0.05813953488372093,0.006804363761804148,8.544437286805582,False
66,temple,1,245,temple,0.7565950595371858,0.7154696132596685,0.0011004913217160732,650.1306351399895,True
66,temple,2,770,buddhist,0.2220562848651283,0.13812154696132597,0.0014990944776132335,92.13604456790976,False
66,temple,3,806,buddhism,0.19910504795065392,0.12292817679558012,0.0015510861935998197,79.25245855338318,False
66,temple,4,756,buddha,0.17215248037283987,0.0925414364640884,0.0011784788956959525,78.52551415805948,False
66,temple,5,232,religion,0.1718614532057334,0.16574585635359115,0.004479952860844173,36.99715187423656,False
66,temple,6,659,ancient,0.08792307546870558,0.055248618784530384,0.00194968934949698,28.336999137217983,False
66,temple,7,757,heritage,0.08706596776445842,0.05386740331491713,0.0018890323475126297,28.515725645773003,False
66,temple,8,69,asia,0.08646260787118419,0.15193370165745856,0.014947618346143514,10.164402548626214,False
66,temple,9,527,islam,0.08634292715561649,0.06077348066298342,0.0024696065093628415,24.608472786190973,False
66,temple,10,708,burma,0.08631565318804074,0.05939226519337017,0.002356957791391905,25.19859431693639,False
67,tiger,1,501,tiger,0.7217264961142141,0.7860576923076923,0.0014259664163303403,551.2417269358226,True
67,tiger,2,93,zoo,0.2383136602506243,0.5144230769230769,0.014190526397663144,36.25113755444725,False
67,tiger,3,88,cat,0.18588702389458506,0.3894230769230769,0.013473222079145458,28.903464635322763,False
67,tiger,4,293,cats,0.13794224482641523,0.19230769230769232,0.005893994520832073,32.62768150719771,False
67,tiger,5,717,cubs,0.13786915870660504,0.12980769230769232,0.0025926662115097095,50.067070362058665,False
67,tiger,6,656,leopard,0.1356807698382023,0.12980769230769232,0.0026877306392650655,48.29621594112848,False
67,tiger,7,29,animal,0.11866837672503719,0.3942307692307692,0.03296142976899344,11.960362835898295,False
67,tiger,8,56,animals,0.09562570832420654,0.25240384615384615,0.02060305416079716,12.250792124120643,False
67,tiger,9,903,feline,0.0917154884695824,0.08413461538461539,0.0025408128872795154,33.11314055215363,False
67,tiger,10,510,stripes,0.07763696206637268,0.06971153846153846,0.0024457484595241594,28.503038879440844,False
68,tower,1,142,tower,0.581753635833177,0.5271317829457365,0.003478397321895596,151.54400970455362,True
68,tower,2,576,skyscraper,0.13679470497166032,0.07540521494009866,0.0025455940300589323,29.621741657265126,False
68,tower,3,17,architecture,0.11395951706181241,0.20084566596194503,0.02685078634445723,7.480064031821733,False
68,tower,4,47,building,0.10631133342574034,0.14728682170542637,0.016903790494124212,8.71323769803267,False
68,tower,5,478,lighthouse,0.07741974170403221,0.0507399577167019,0.0038706977717334447,13.108705360616435,False
68,tower,6,21,city,0.07710725234538703,0.14799154334038056,0.02844614150713115,5.202515823740889,False
68,tower,7,15,night,0.07672305491661874,0.15785764622973925,0.03204658785786519,4.925878775958624,False
68,tower,8,239,skyline,0.07162613787891198,0.06342494714587738,0.006887052341597796,9.209290405691725,False
68,tower,9,215,berlin,0.07088798692273253,0.05496828752642706,0.005344003905568923,10.28595705358202,False
68,tower,10,448,mosque,0.0707039717600208,0.03946441155743481,0.002807127663284165,14.058598576624153,False
69,town,1,347,town,0.1638407516672292,0.11145272867025365,0.0036141640395032483,30.83767894187307,True
69,town,2,21,city,0.09130835956755151,0.1760184473481937,0.028251441311201296,6.230421772293337,False
69,town,3,125,buildings,0.0769282092976018,0.08685626441199078,0.010250291745771864,8.473533420400821,False
69,town,4,466,houses,0.07593897322356626,0.04996156802459646,0.0036228728685140997,13.790558469003956,False
69,town,5,17,architecture,0.07477314952618475,0.14681014604150652,0.02764182328044171,5.311158436997871,False
69,town,6,31,street,0.07075832002052333,0.12836279784780938,0.023688014909515265,5.418890276337357,False
69,town,7,360,canal,0.06888673739752416,0.05226748654880861,0.004763729468935607,10.971946910540655,False
69,town,8,47,building,0.0625042722035722,0.09761721752498079,0.017600543430930277,5.546258980324644,False
69,town,9,675,shops,0.05806404531838815,0.027671022290545733,0.0018985247243655618,14.574941366844177,False
69,town,10,40,urban,0.054913352021116406,0.08993082244427364,0.018375629212896035,4.894024714044239,False
70,toy,1,243,toy,0.6218181419466238,0.49206349206349204,0.00043196917467969485,1139.0907962828271,True
70,toy,2,329,toys,0.2613174149895573,0.15873015873015872,0.0006738719125003239,235.54596997746606,False
70,toy,3,905,figures,0.10639132572336912,0.047619047619047616,0.0004838054756412582,98.42400670613608,False
70,toy,4,259,handmade,0.09304067629203766,0.047619047619047616,0.0006738719125003239,70.66380138081644,False
70,toy,5,701,doll,0.09076299561756393,0.04497354497354497,0.0006306749950323545,71.30906130284232,False
70,toy,6,885,plastic,0.07960777647590285,0.05026455026455026,0.0010799229366992371,46.5441496933888,False
70,toy,7,591,store,0.035388687093948615,0.0291005291005291,0.0018401886841355002,15.813802798256065,False
70,toy,8,479,soldiers,0.027184190483461247,0.031746031746031744,0.003438474630450371,9.232567586574806,False
70,toy,9,998,cake,0.027091710588916483,0.010582010582010581,0.00042332979118610097,24.99651769648723,False
70,toy,10,892,sewing,0.02628914831939258,0.010582010582010581,0.00044924794166688266,23.554443006055916,False
71,train,1,175,train,0.6297711006832114,0.8608490566037735,0.003655912119824032,235.46701444646973,True
71,train,2,978,locomotive,0.6015152835934987,0.45990566037735847,0.0004494265490091009,1023.2938807298593,False
71,train,3,378,railroad,0.42863579795203355,0.4669811320754717,0.002592845475052505,180.10303565647652,False
71,train,4,645,railway,0.3637629584237149,0.3018867924528302,0.0013914937382781777,216.95004774214954,False
71,train,5,737,rail,0.32788222418984037,0.25471698113207547,0.0012532086462753774,203.25024040226813,False
71,train,6,985,engine,0.28231558441821303,0.2169811320754717,0.0013396368287771276,161.96891405590756,False
71,train,7,816,steam,0.22024369159550558,0.17688679245283018,0.0016680639222837782,106.04254409220218,False
71,train,8,310,station,0.12161652536175462,0.12971698113207547,0.003474412936570357,37.33483041650669,False
71,train,9,691,track,0.11723327511116959,0.10377358490566038,0.0023594893822977796,43.98119180883247,False
71,train,10,531,tracks,0.11588621775854699,0.11320754716981132,0.002903986932058806,38.98335976875573,False
72,tree,1,30,tree,0.4879221691344253,0.5317460317460317,0.016383865742584772,32.455448887708776,True
72,tree,2,24,trees,0.19831189605439722,0.2526984126984127,0.028784619878382326,8.778935972638399,False
72,tree,3,115,forest,0.12141251430288454,0.09015873015873016,0.009577170574541721,9.41391252435943,False
72,tree,4,78,autumn,0.12029669675160293,0.1019047619047619,0.012400754135797552,8.217620365070182,False
72,tree,5,730,trunk,0.10219580134679704,0.03365079365079365,0.0017171636704816024,19.596622187525085,False
72,tree,6,149,leaves,0.10145722831226062,0.06507936507936508,0.0071164927374598366,9.144853515870986,False
72,tree,7,8,landscape,0.10133892291221262,0.19682539682539682,0.052683289519105655,3.7360113854299857,False
72,tree,8,116,fall,0.0963035725630725,0.07111111111111111,0.009311629800755906,7.636798956220193,False
72,tree,9,36,winter,0.09334243357091185,0.11746031746031746,0.024420899829168768,4.809826017211724,False
72,tree,10,138,fog,0.09280537101253107,0.0692063492063492,0.009444400187648814,7.3277587304346135,False
73,valley,1,61,mountains,0.2891069944898129,0.3174748398902104,0.014955108345547257,21.228508030144443,False
73,valley,2,80,mountain,0.2065282483524175,0.20951509606587373,0.013270025715063059,15.788586448795261,False
73,valley,3,372,valley,0.18097996323422177,0.10064043915827996,0.0035193652855425176,28.596111807600554,True
73,valley,4,8,landscape,0.15199808431897277,0.3101555352241537,0.05172852616705137,5.9958307001485975,False
73,valley,5,617,glacier,0.1429789246533496,0.06358645928636779,0.0022555533126793694,28.19094854439436,False
73,valley,6,402,hiking,0.12010104992972494,0.06678865507776761,0.0039055300550284795,17.101006297906366,False
73,valley,7,59,lake,0.10789574990246742,0.1322049405306496,0.01872899132006916,7.058836094425637,False
73,valley,8,895,valleys,0.10145879874551031,0.04025617566331199,0.0019220473753960383,20.944320486279572,False
73,valley,9,321,hills,0.09593707176506898,0.06038426349496798,0.005125459667722769,11.781217607282521,False
73,valley,10,41,snow,0.09519553309262356,0.13815187557182068,0.024784757023371747,5.5740643211027585,False
74,vehicle,1,601,vehicle,0.26197595088381515,0.08806978052898143,0.00063958498041271,137.6961877845771,True
74,vehicle,2,74,car,0.23652831040273437,0.17501406865503658,0.00965595657928633,18.124967316112215,False
74,vehicle,3,544,auto,0.17096288163598375,0.056837366347777155,0.0014301830812006432,39.741051117421385,False
74,vehicle,4,294,truck,0.17060948728023848,0.07653348339898705,0.00326010677515923,23.475690804127414,False
74,vehicle,5,721,automobile,0.16804945661721163,0.05233539673607203,0.0011903387135458769,43.96644961304861,False
74,vehicle,6,205,cars,0.13782214665720063,0.07343837929093978,0.005232160464765085,14.035932083156435,False
74,vehicle,7,433,racing,0.1327420824206284,0.05177265053460889,0.002584989295834703,20.028113979772428,False
74,vehicle,8,490,classic,0.11097067721810813,0.038829487900956666,0.0021319499347090334,18.21305235093738,False
74,vehicle,9,845,formula,0.10092732025146177,0.028418683173888577,0.0013147024597372373,21.615900087817252,False
74,vehicle,10,829,transportation,0.0949811066367065,0.029825548677546426,0.0017410924466790439,17.130272106868443,False
75,water,1,3,water,0.5833011067669853,0.43578137927678007,0.009562670014647416,45.57105211188515,True
75,water,2,14,sea,0.2997805332802274,0.1747213705163771,0.014961288972588407,11.678222648748333,False
75,water,3,37,ocean,0.2578593692681819,0.1206502165766292,0.008505963590709353,14.18417601347944,False
75,water,4,20,beach,0.21731158338459403,0.12756120114858616,0.018717304875496967,6.8151448002607395,False
75,water,5,27,reflection,0.21339121157661306,0.11057575315131163,0.013789495710399665,8.01883442913537,False
75,water,6,59,lake,0.20717582922678002,0.08473256436462744,0.007135383971542164,11.874967899819312,False
75,water,7,66,boat,0.18986365754848958,0.07256533800554825,0.006329776103787404,11.46410744624199,False
75,water,8,48,river,0.1894171406328867,0.08390519297221005,0.00973006905210295,8.623280707475416,False
75,water,9,213,waves,0.15804057499749294,0.03908113106536234,0.0016216781753504918,24.09904793004723,False
75,water,10,10,sunset,0.1538312763045577,0.12853457925731251,0.03764385854781335,3.414489376777371,False
76,waterfall,1,407,waterfall,0.5366591050906626,0.7192429022082019,0.0029185735256022794,246.43561025370306,True
76,waterfall,2,843,waterfalls,0.33674273921742887,0.34069400630914826,0.0018392194111043951,185.23736856979306,False
76,waterfall,3,518,moss,0.12071311589728483,0.138801261829653,0.003082635351005958,45.02667547674858,False
76,waterfall,4,113,rocks,0.09951076611327672,0.22712933753943218,0.01227009757361195,18.510786981843236,False
76,waterfall,5,476,stream,0.09416353862650223,0.12302839116719243,0.00404110180468008,30.44419632852305,False
76,waterfall,6,3,water,0.08408392220900664,0.5331230283911672,0.08374924445211986,6.365704887509872,False
76,waterfall,7,970,creek,0.07674542103227833,0.07570977917981073,0.0022968655556514983,32.96207711102397,False
76,waterfall,8,312,oregon,0.07077961561856351,0.10410094637223975,0.005085916587514032,20.46843472491482,False
76,waterfall,9,402,hiking,0.04496578331353198,0.06624605678233439,0.004921854762110353,13.459546327300954,False
76,waterfall,10,115,forest,0.04327641383716775,0.10094637223974763,0.011518867109921423,8.763561003077342,False
77,wedding,1,238,wedding,0.7442786826904352,0.7745571658615137,0.0016362786348761104,473.36219255727974,True
77,wedding,2,404,bride,0.6927654821350476,0.5974235104669887,0.0007705227434072688,775.3382650881296,False
77,wedding,3,796,groom,0.5721313030215825,0.3864734299516908,0.0003636174744169134,1062.8279410718662,False
77,wedding,4,801,ceremony,0.16071468133552055,0.10789049919484701,0.001757484459681748,61.388818952171334,False
77,wedding,5,580,couple,0.11803458262324892,0.0966183574879227,0.002865652000761865,33.71589791895755,False
77,wedding,6,773,kiss,0.11389217166164087,0.0821256038647343,0.0021990199643308573,37.34629140886868,False
77,wedding,7,291,dress,0.11257753266952376,0.11272141706924316,0.004372067251917649,25.78212153497564,False
77,wedding,8,77,love,0.09895336215862525,0.16264090177133655,0.011722334770488113,13.874435102847112,False
77,wedding,9,193,photographer,0.04602195139512154,0.0644122383252818,0.00780911814104895,8.248327746947396,False
77,wedding,10,240,happy,0.043336563863297435,0.05152979066022544,0.00573130400152373,8.990922613300492,False
78,whales,1,340,marine,0.06858324429505822,0.11764705882352941,0.005289544305326649,22.241395405480063,False
78,whales,2,37,ocean,0.0645384208476266,0.2647058823529412,0.02786286877960807,9.500306642638474,False
78,whales,3,930,maui,0.04530794035491935,0.0546218487394958,0.0025973129460086807,21.030060518055134,False
78,whales,4,373,pacific,0.042290360409817596,0.07142857142857142,0.004944386438747422,14.446370211905302,False
78,whales,5,419,mammal,0.03852258758474086,0.06722689075630252,0.005203254838681842,12.920138190262346,False
78,whales,6,206,underwater,0.03838147821676568,0.08403361344537816,0.007947259877986694,10.573898299105787,False
78,whales,7,160,hawaii,0.037772800891949905,0.09243697478991597,0.009733451837534192,9.49682511041039,False
78,whales,8,635,aquarium,0.03567543930071356,0.05042016806722689,0.0034602076124567475,14.57138935011335,False
78,whales,9,49,wildlife,0.03524621840253405,0.14285714285714285,0.023703716487328393,6.026780343314872,False
78,whales,10,79,australia,0.024966951349180276,0.07983193277310924,0.014203246209735178,5.620678919978288,False
79,window,1,86,window,0.3769223559202455,0.1762396230648418,0.002005353828360367,87.88411886781638,True
79,window,2,166,windows,0.1517781729069438,0.052950415077406325,0.0037308908434611474,14.192396769324041,False
79,window,3,74,car,0.12566949170283603,0.06719766659187794,0.010353222090604684,6.490502289894405,False
79,window,4,92,house,0.1244300918966834,0.0601301323760377,0.00842248607911354,7.139230675945455,False
79,window,5,71,abandoned,0.12177128005068268,0.05654027372672201,0.007760252954399187,7.285872148787187,False
79,window,6,17,architecture,0.12104625060529296,0.09939421135292797,0.02312219600235046,4.298647860105742,False
79,window,7,47,building,0.11454318435560472,0.0720215391518959,0.01404680402563122,5.127251561847276,False
79,window,8,294,truck,0.1097340126146605,0.03365492483733453,0.0031619299898333225,10.64376140772634,False
79,window,9,139,decay,0.10466440279861781,0.0356742203275746,0.004075998246481303,8.75224684797218,False
79,window,10,207,door,0.09129725616491294,0.025241193628000896,0.002630278044640109,9.596364808575382,False
80,zebra,1,794,zebra,0.7301404653744525,0.9312169312169312,0.0011299142645206921,824.1410247189873,True
80,zebra,2,510,stripes,0.1836173388867065,0.23809523809523808,0.002302955027687212,103.38639329419122,False
80,zebra,3,93,zoo,0.07832399394567804,0.25925925925925924,0.015585916610602218,16.634190301069424,False
80,zebra,4,120,africa,0.07673852163939666,0.21693121693121692,0.011454398040331902,18.938667643704015,False
80,zebra,5,570,safari,0.07611749544930356,0.12169312169312169,0.0037261294829995344,32.65930656872753,False
80,zebra,6,29,animal,0.06639038633028994,0.3333333333333333,0.03376804843968328,9.871261740698994,False
80,zebra,7,49,wildlife,0.05515631224761763,0.2328042328042328,0.023607445358726217,9.86147127111603,False
80,zebra,8,56,animals,0.039752013656022045,0.164021164021164,0.021200986734289017,7.736484094442955,False
80,zebra,9,0,nature,0.02712954052930942,0.291005291005291,0.09415377184357157,3.0907446871201767,False
80,zebra,10,28,black,0.023669611057646003,0.1164021164021164,0.024806362021080233,4.6924284737485555,False
